day,match_in_day,events
1,1,4>8 4>6 0>4 0>3
1,2,6>7 6>4 0>6 0>1
1,3,0>8 0>1 0>7 0>4
1,4,1>4 1>6 0>1 0>3
1,5,1>4 1>3 1>6 2>1
1,6,0>7 0>8 0>4 0>9
1,7,0>3 0>5 0>6 1>0
1,8,0>4 0>7 0>1 0>5
1,9,6>7 6>8 0>6 0>4
1,10,1>7 0>1 0>4 0>2
1,11,0>1 0>3 0>2 0>7
1,12,0>4 0>6 0>7 0>9
1,13,0>1 0>7 0>6 0>5
1,14,2>7 2>4 2>3 0>2
1,15,0>1 0>8 0>6 0>4
1,16,4>7 4>0 3>4 3>6
1,17,1>4 0>1 0>3 0>6
1,18,3>6 1>3 1>7 1>4
1,19,5>6 1>5 1>0 1>7
1,20,0>4 0>5 0>6 0>7
1,21,3>7 0>3 0>6 1>0
1,22,0>4 0>1 0>7 0>3
1,23,2>1 2>8 2>4 2>0
1,24,5>4 1>5 1>8 1>2
1,25,1>4 1>3 0>1 0>2
1,26,1>9 0>1 0>7 0>4
1,27,1>3 1>6 1>4 1>5
1,28,0>3 7>0 1>7 4>1
1,29,0>5 1>0 1>6 1>4
1,30,2>3 2>5 2>7 0>2
1,31,1>6 1>0 1>7 1>5
1,32,1>8 1>7 1>4 0>1
1,33,6>7 6>5 2>6 2>4
1,34,4>7 0>4 0>6 0>5
1,35,1>6 0>1 0>4 0>5
1,36,5>7 1>5 1>4 1>6
1,37,2>9 1>2 0>1 0>4
1,38,7>6 4>7 3>4 1>3
1,39,6>7 0>6 0>1 0>4
1,40,1>0 1>8 1>2 1>7
1,41,1>6 1>7 1>8 1>3
1,42,4>7 4>5 1>4 0>1
1,43,0>5 0>7 0>9 0>4
1,44,2>1 2>6 2>5 2>7
1,45,6>7 3>6 3>5 4>3
1,46,3>7 5>3 6>5 2>6
1,47,0>3 0>6 0>2 0>4
1,48,6>7 0>6 0>2 0>4
1,49,4>6 0>4 0>7 1>0
1,50,0>9 0>4 0>1 0>6
?,1,3>4 3>7 0>3 0>5
?,2,1>5 1>7 1>9 1>6
?,3,6>8 0>6 0>5 0>4
?,4,3>7 0>3 0>5 0>4
?,5,1>5 1>7 1>0 1>4
?,6,0>2 0>4 0>3 0>6
?,7,6>4 1>6 1>7 1>0
?,8,0>1 0>4 0>5 0>9
?,9,0>1 0>2 0>6 0>4
?,10,0>3 0>7 0>2 0>6
?,11,5>6 1>5 0>1 0>2
?,12,6>7 6>8 0>6 0>4
?,13,0>8 0>7 0>6 0>2
?,14,5>7 3>5 3>4 3>6
?,15,0>1 0>3 0>7 0>9
?,16,2>1 2>5 2>6 2>4
?,17,4>6 4>9 1>4 1>5
?,18,0>5 0>4 0>8 0>1
?,19,6>9 3>6 0>3 0>2
?,20,6>8 6>4 3>6 3>7
?,21,0>1 0>7 0>3 0>4
?,22,0>5 0>6 0>8 0>1
?,23,1>4 1>7 0>1 0>9
?,24,3>7 0>3 0>4 0>2
?,25,2>9 2>3 1>2 1>5
?,26,0>6 0>9 0>1 0>3
?,27,2>3 2>4 2>7 0>2
?,28,5>6 2>5 1>2 0>1
?,29,6>4 7>6 5>7 2>5
?,30,1>7 1>9 1>4 1>0
?,31,0>3 0>5 0>8 2>0
?,32,0>5 0>8 0>9 0>7
?,33,1>3 1>5 1>4 1>0
?,34,0>6 0>1 0>9 0>5
?,35,1>6 7>1 3>7 3>5
?,36,6>7 5>6 4>5 4>8
?,37,0>5 0>4 0>6 0>8
?,38,0>1 0>7 0>5 0>3
?,39,0>7 0>9 0>6 0>3
?,40,2>3 2>4 2>7 2>6
?,41,4>6 5>4 5>7 3>5
?,42,2>3 0>2 0>4 0>5
?,43,6>3 7>6 7>1 0>7
?,44,2>5 2>7 4>2 3>4
?,45,2>4 2>3 2>6 0>2
?,46,0>7 0>4 0>8 0>6
?,47,0>9 0>7 1>0 1>5
?,48,2>8 0>2 0>4 0>3
?,49,2>5 1>2 1>7 1>4
?,50,1>6 1>3 1>7 1>0
?,1,1>3 1>8 1>5 1>0
?,2,5>6 5>8 1>5 1>7
?,3,7>8 7>6 7>3 1>7
?,4,1>6 1>5 1>4 1>9
?,5,7>8 2>7 2>6 0>2
?,6,4>6 1>4 1>7 2>1
?,7,4>5 4>7 0>4 0>6
?,8,6>9 0>6 0>3 0>1
?,9,3>7 0>3 0>4 0>1
?,10,1>4 1>5 1>6 1>2
?,11,6>9 1>6 0>1 0>4
?,12,0>9 0>3 0>7 0>2
?,13,3>7 3>4 6>3 1>6
?,14,2>6 2>7 2>5 0>2
?,15,0>5 0>4 0>3 0>6
?,16,1>3 1>7 1>5 1>4
?,17,0>6 0>4 0>2 0>7
?,18,3>6 2>3 2>4 0>2
?,19,5>9 5>8 5>3 5>6
?,20,5>6 5>7 0>5 0>3
?,21,2>3 1>2 1>4 0>1
?,22,4>9 0>4 0>1 0>7
?,23,1>7 1>3 1>6 4>1
?,24,4>6 4>3 4>7 0>4
?,25,4>9 0>4 0>6 0>5
?,26,0>8 0>1 0>7 0>4
?,27,1>4 1>6 1>3 0>1
?,28,0>2 0>4 0>8 0>3
?,29,4>0 4>5 4>9 4>7
?,30,1>6 0>1 0>8 3>0
?,31,4>9 5>4 3>5 1>3
?,32,0>2 0>9 0>3 5>0
?,33,1>7 0>1 0>8 0>4
?,34,1>4 1>6 3>1 0>3
?,35,4>8 3>4 3>7 3>5
?,36,3>4 0>3 0>5 0>7
?,37,0>1 0>6 0>7 4>0
?,38,0>1 0>3 0>4 0>7
?,39,6>9 4>6 4>8 0>4
?,40,5>0 7>5 3>7 3>4
?,41,6>7 1>6 1>9 1>4
?,42,3>8 5>3 5>7 5>4
?,43,2>4 2>7 0>2 0>6
?,44,3>9 3>7 0>3 0>1
?,45,3>5 1>3 1>0 1>7
?,46,5>9 4>5 0>4 0>7
?,47,3>5 0>3 0>9 0>7
?,48,4>8 4>3 0>4 0>7
?,49,4>6 0>4 0>1 0>7
?,50,2>6 2>7 2>4 2>3
?,1,3>6 0>3 0>7 0>1
?,2,1>3 1>7 1>5 1>4
?,3,1>6 0>1 0>4 0>7
?,4,1>0 3>1 4>3 4>5
?,5,2>4 1>2 0>1 3>0
?,6,0>7 0>5 0>6 0>4
?,7,0>1 0>6 0>3 0>4
?,8,3>5 2>3 2>9 2>4
?,9,0>8 0>1 0>3 0>4
?,10,0>3 0>4 0>5 0>9
?,11,1>7 1>5 0>1 0>9
?,12,0>1 0>4 0>6 0>8
?,13,2>4 2>3 2>1 0>2
?,14,4>6 4>2 1>4 0>1
?,15,3>2 3>9 0>3 0>7
?,16,1>6 1>5 1>3 1>4
?,17,5>7 0>5 0>6 0>8
?,18,0>6 0>1 0>4 0>7
?,19,0>4 0>1 0>7 0>6
?,20,4>7 1>4 1>3 2>1
?,21,1>4 0>1 0>3 0>6
?,22,4>8 3>4 0>3 0>7
?,23,5>6 0>5 0>4 0>2
?,24,1>5 1>6 0>1 0>7
?,25,4>7 0>4 0>6 0>2
?,26,1>6 0>1 0>7 0>3
?,27,0>6 0>1 0>5 0>4
?,28,0>2 0>3 0>4 0>7
?,29,3>8 3>4 0>3 0>6
?,30,8>7 5>8 0>5 0>4
?,31,0>7 0>4 0>6 0>2
?,32,6>7 3>6 3>8 0>3
?,33,3>9 4>3 4>7 0>4
?,34,2>4 0>2 0>6 0>8
?,35,1>4 1>3 6>1 2>6
?,36,2>7 3>2 0>3 0>4
?,37,0>9 0>5 0>4 0>1
?,38,4>9 1>4 0>1 0>3
?,39,0>3 0>7 0>1 0>6
?,40,3>6 0>3 0>4 0>5
?,41,3>7 3>4 0>3 0>9
?,42,1>5 1>3 1>4 0>1
?,43,1>6 1>5 1>0 1>7
?,44,0>5 0>2 0>6 0>1
?,45,3>4 3>6 3>7 1>3
?,46,0>7 0>3 0>2 0>1
?,47,2>4 2>7 3>2 0>3
?,48,3>6 3>5 3>4 1>3
?,49,6>8 0>6 0>3 0>1
?,50,3>4 3>6 3>7 0>3
?,1,0>2 0>3 0>7 0>4
?,2,4>3 4>5 4>9 4>7
?,3,1>4 1>3 1>0 1>5
?,4,8>9 1>8 1>6 4>1
?,5,2>7 2>6 0>2 0>4
?,6,0>9 0>7 0>8 0>4
?,7,4>7 4>1 3>4 0>3
?,8,4>9 4>6 3>4 3>8
?,9,6>9 3>6 7>3 4>7
?,10,3>8 0>3 0>7 0>1
?,11,0>4 0>5 0>3 0>7
?,12,0>7 0>6 0>8 4>0
?,13,0>7 0>3 0>2 0>1
?,14,1>0 1>7 1>9 1>6
?,15,6>7 2>6 0>2 1>0
?,16,3>7 0>3 6>0 5>6
?,17,5>4 0>5 0>3 1>0
?,18,0>8 0>7 0>9 0>4
?,19,0>7 0>4 0>6 2>0
?,20,0>3 0>5 0>1 0>2
?,21,3>8 3>7 3>2 4>3
?,22,5>3 1>5 1>6 1>9
?,23,3>4 3>6 3>7 0>3
?,24,1>6 1>8 0>1 0>7
?,25,0>1 0>5 0>4 0>6
?,26,0>5 0>6 0>1 0>4
?,27,2>4 2>6 1>2 0>1
?,28,0>1 0>6 2>0 2>7
?,29,0>7 0>3 1>0 1>2
?,30,3>8 0>3 0>9 0>7
?,31,3>6 5>3 0>5 0>4
?,32,1>8 1>5 1>6 1>9
?,33,7>6 2>7 2>5 0>2
?,34,3>0 9>3 4>9 5>4
?,35,1>6 1>3 1>0 1>5
?,36,1>7 1>4 1>8 1>5
?,37,1>6 1>5 1>2 0>1
?,38,5>7 5>6 3>5 2>3
?,39,0>1 0>2 0>7 0>3
?,40,4>7 0>4 1>0 1>3
?,41,2>6 2>4 3>2 0>3
?,42,4>9 4>5 4>6 0>4
?,43,4>9 2>4 2>6 0>2
?,44,1>7 2>1 2>6 0>2
?,45,0>2 0>3 0>4 0>6
?,46,7>9 5>7 0>5 0>2
?,47,1>3 1>4 1>7 1>8
?,48,6>5 4>6 1>4 0>1
?,49,7>9 8>7 4>8 0>4
?,50,1>0 1>9 1>3 1>4
?,1,0>3 0>1 0>4 0>6
?,2,0>7 0>4 0>9 0>5
?,3,4>8 0>4 0>7 0>1
?,4,0>7 0>4 0>2 0>3
?,5,5>7 5>6 1>5 3>1
?,6,4>5 4>3 4>7 0>4
?,7,4>5 0>4 1>0 1>7
?,8,3>4 1>3 1>9 1>0
?,9,0>3 0>7 0>6 0>9
?,10,0>7 0>1 0>3 0>4
?,11,3>2 1>3 0>1 0>4
?,12,7>5 4>7 1>4 1>3
?,13,6>9 4>6 2>4 2>5
?,14,4>8 1>4 1>7 0>1
?,15,4>6 0>4 0>3 0>1
?,16,1>8 1>7 1>5 2>1
?,17,4>8 4>9 0>4 0>3
?,18,7>6 0>7 0>4 0>5
?,19,0>2 0>6 0>7 0>3
?,20,0>8 0>3 0>4 0>2
?,21,3>8 3>9 3>7 4>3
?,22,0>1 0>7 0>8 0>3
?,23,0>6 0>1 0>7 0>2
?,24,5>9 2>5 2>6 1>2
?,25,4>8 5>4 0>5 0>7
?,26,0>4 0>6 0>3 0>1
?,27,0>3 0>5 0>8 0>9
?,28,3>7 0>3 0>2 0>4
?,29,1>4 1>5 1>7 1>0
?,30,2>0 2>9 2>6 2>1
?,31,4>9 0>4 1>0 1>6
?,32,2>5 2>4 2>7 2>1
?,33,3>4 1>3 0>1 0>7
?,34,0>6 0>7 0>4 0>3
?,35,1>4 0>1 0>6 0>3
?,36,7>9 0>7 0>8 0>1
?,37,4>0 4>3 1>4 1>7
?,38,2>6 0>2 0>3 0>4
?,39,4>7 6>4 6>8 3>6
?,40,1>3 1>7 1>6 1>2
?,41,3>7 3>5 0>3 0>8
?,42,4>6 0>4 0>5 0>7
?,43,1>5 0>1 0>6 0>9
?,44,0>2 0>5 0>6 0>1
?,45,1>5 0>1 0>6 0>2
?,46,0>1 0>9 0>6 0>5
?,47,0>6 0>5 0>3 1>0
?,48,4>9 4>5 4>7 0>4
?,49,4>7 4>6 1>4 1>9
?,50,0>8 0>1 0>5 0>2
?,1,3>2 3>7 4>3 1>4
?,2,0>7 0>6 0>4 1>0
?,3,2>6 2>3 2>7 2>5
?,4,9>5 2>9 4>2 0>4
?,5,0>6 0>8 0>1 0>7
?,6,4>2 1>4 6>1 6>5
?,7,0>1 0>8 0>5 0>2
?,8,1>5 1>8 1>7 1>6
?,9,0>8 0>3 0>5 0>4
?,10,1>4 0>1 0>3 0>9
?,11,5>7 5>8 1>5 1>6
?,12,6>7 0>6 0>2 0>9
?,13,1>0 1>6 1>4 1>7
?,14,4>7 0>4 1>0 1>2
?,15,2>7 2>8 2>6 0>2
?,16,1>7 1>0 1>4 1>5
?,17,4>7 1>4 1>9 0>1
?,18,0>7 0>1 0>4 0>9
?,19,4>1 4>5 4>7 3>4
?,20,5>3 4>5 4>7 4>6
?,21,4>1 4>5 0>4 0>6
?,22,2>4 2>8 2>6 2>5
?,23,0>4 1>0 1>5 1>3
?,24,0>1 0>5 0>2 0>9
?,25,5>4 0>5 0>1 0>3
?,26,0>7 0>5 0>4 0>2
?,27,3>8 0>3 1>0 1>5
?,28,7>6 2>7 2>4 0>2
?,29,1>3 1>5 1>9 0>1
?,30,2>5 2>8 2>7 2>6
?,31,2>7 2>5 2>9 2>0
?,32,4>5 3>4 0>3 0>6
?,33,4>6 0>4 0>3 0>1
?,34,3>4 3>6 3>8 3>5
?,35,4>7 5>4 5>8 0>5
?,36,1>4 1>8 0>1 0>3
?,37,3>2 3>4 3>6 0>3
?,38,4>3 5>4 6>5 6>7
?,39,1>6 3>1 3>7 2>3
?,40,4>8 4>7 3>4 2>3
?,41,0>5 0>6 0>3 0>2
?,42,3>7 3>0 2>3 2>5
?,43,2>5 2>3 0>2 0>6
?,44,0>1 0>6 0>3 0>9
?,45,1>3 0>1 0>4 0>9
?,46,0>3 0>6 0>2 0>4
?,47,2>7 2>4 0>2 0>9
?,48,4>9 1>4 1>3 1>7
?,49,0>7 0>4 0>2 0>3
?,50,4>9 1>4 1>0 1>2
?,1,4>8 0>4 0>1 0>5
?,2,1>4 0>1 0>7 0>9
?,3,4>7 5>4 0>5 0>1
?,4,0>1 0>7 0>6 0>5
?,5,1>7 1>4 1>3 0>1
?,6,6>4 1>6 1>5 0>1
?,7,4>6 2>4 2>3 1>2
?,8,0>1 0>8 0>5 0>6
?,9,1>4 0>1 0>7 0>5
?,10,0>6 0>4 0>5 0>3
?,11,4>6 4>7 1>4 1>2
?,12,1>8 1>3 1>7 1>0
?,13,3>5 4>3 4>6 4>7
?,14,1>7 1>4 1>8 1>9
?,15,1>6 0>1 0>4 0>8
?,16,0>8 0>1 0>6 0>7
?,17,7>8 4>7 1>4 1>9
?,18,4>7 2>4 0>2 1>0
?,19,2>4 2>7 6>2 0>6
?,20,2>7 2>4 2>5 1>2
?,21,9>7 6>9 4>6 0>4
?,22,6>9 3>6 2>3 4>2
?,23,3>5 3>9 3>7 3>6
?,24,0>6 0>1 0>3 2>0
?,25,7>0 1>7 1>4 1>9
?,26,0>8 0>6 0>1 0>3
?,27,7>4 3>7 0>3 0>8
?,28,1>9 1>5 1>8 1>4
?,29,4>5 4>7 0>4 0>1
?,30,0>8 0>7 0>1 0>9
?,31,0>7 0>6 1>0 1>3
?,32,0>4 0>3 0>1 0>8
?,33,0>1 0>4 0>7 0>8
?,34,0>4 0>3 0>1 0>6
?,35,1>5 1>0 1>4 1>7
?,36,2>7 2>4 2>5 2>3
?,37,6>7 1>6 1>5 1>8
?,38,4>6 4>5 4>7 3>4
?,39,3>6 1>3 0>1 0>7
?,40,2>4 2>7 0>2 0>5
?,41,4>7 5>4 5>9 1>5
?,42,2>8 0>2 0>6 0>4
?,43,5>8 0>5 0>3 0>1
?,44,1>2 1>6 0>1 0>4
?,45,7>6 7>9 0>7 0>4
?,46,2>6 0>2 0>7 0>4
?,47,3>7 0>3 0>1 0>9
?,48,0>3 0>1 0>6 0>5
?,49,0>8 0>4 0>6 0>3
?,50,0>1 0>9 0>7 0>3
?,1,3>8 3>7 0>3 0>5
?,2,0>7 0>4 0>1 0>3
?,3,4>5 4>8 4>6 1>4
?,4,2>1 3>2 3>4 3>6
?,5,0>7 0>5 1>0 1>4
?,6,1>3 1>6 1>0 1>4
?,7,5>7 3>5 0>3 0>4
?,8,0>6 0>4 0>5 0>8
?,9,4>5 1>4 1>8 1>3
?,10,1>7 2>1 0>2 0>8
?,11,0>5 0>1 0>2 0>7
?,12,4>7 4>5 0>4 0>1
?,13,0>7 0>6 0>5 0>1
?,14,3>7 3>9 1>3 1>6
?,15,0>3 0>6 0>7 0>8
?,16,1>4 0>1 0>7 0>3
?,17,1>7 1>4 0>1 0>8
?,18,2>3 1>2 1>5 1>4
?,19,4>6 4>5 1>4 0>1
?,20,0>6 0>7 0>3 0>2
?,21,0>5 0>7 0>1 0>4
?,22,3>8 3>7 3>9 0>3
?,23,3>4 0>3 0>6 0>9
?,24,3>7 0>3 0>5 0>4
?,25,5>4 5>9 0>5 0>6
?,26,0>8 1>0 1>3 1>7
?,27,7>9 8>7 4>8 0>4
?,28,0>6 0>4 0>8 0>3
?,29,0>4 0>7 0>9 0>1
?,30,1>7 1>3 1>2 1>4
?,31,2>4 0>2 0>6 0>9
?,32,1>5 0>1 0>7 0>4
?,33,4>7 4>8 4>6 1>4
?,34,6>9 6>7 3>6 0>3
?,35,4>8 0>4 0>3 0>7
?,36,0>8 0>7 0>1 0>3
?,37,4>9 4>8 4>7 4>6
?,38,1>3 1>8 1>7 1>0
?,39,1>2 1>4 1>5 0>1
?,40,5>6 1>5 1>7 1>4
?,41,3>7 0>3 0>6 0>4
?,42,0>1 0>3 0>4 0>6
?,43,1>3 1>4 1>2 1>7
?,44,4>8 6>4 7>6 3>7
?,45,0>3 0>1 0>4 0>7
?,46,0>9 0>4 0>1 0>2
?,47,1>5 1>3 1>7 1>0
?,48,4>3 0>4 0>1 0>5
?,49,3>5 0>3 0>1 0>4
?,50,0>4 0>5 0>1 0>6
?,1,0>5 0>7 0>4 0>6
?,2,1>6 1>8 1>3 1>2
?,3,6>8 0>6 0>2 0>4
?,4,5>9 5>3 0>5 0>6
?,5,4>8 4>6 1>4 0>1
?,6,4>3 4>6 1>4 1>0
?,7,7>9 0>7 0>6 1>0
?,8,1>6 1>8 1>9 1>5
?,9,3>9 3>1 3>5 0>3
?,10,4>8 4>1 4>7 4>9
?,11,4>9 4>6 4>0 1>4
?,12,1>5 1>3 1>6 1>4
?,13,1>0 1>6 1>8 1>3
?,14,0>6 0>1 2>0 2>7
?,15,0>3 0>4 0>2 0>5
?,16,0>9 0>6 0>3 0>8
?,17,6>9 4>6 3>4 3>8
?,18,6>7 4>6 1>4 1>3
?,19,1>4 0>1 0>8 0>3
?,20,0>7 0>5 0>9 0>1
?,21,1>2 1>6 1>4 1>3
?,22,2>8 2>4 2>7 3>2
?,23,0>2 0>5 0>7 1>0
?,24,3>4 3>8 3>7 0>3
?,25,2>7 2>5 2>6 0>2
?,26,1>7 0>1 0>3 0>4
?,27,3>4 1>3 1>0 1>6
?,28,2>1 0>2 0>6 0>9
?,29,5>6 5>9 1>5 1>7
?,30,0>7 2>0 2>3 2>6
?,31,3>8 3>7 3>6 3>9
?,32,3>5 0>3 0>7 0>4
?,33,1>7 1>9 1>4 1>0
?,34,0>1 0>5 0>2 0>6
?,35,3>4 7>3 7>8 7>5
?,36,4>6 4>7 4>8 1>4
?,37,7>6 7>9 2>7 1>2
?,38,0>6 0>4 0>8 0>1
?,39,1>0 1>7 1>3 1>6
?,40,1>3 1>7 1>6 1>9
?,41,0>9 0>4 0>6 0>7
?,42,0>7 0>3 1>0 1>4
?,43,7>6 5>7 2>5 2>0
?,44,4>7 4>8 4>5 1>4
?,45,2>6 0>2 0>4 3>0
?,46,5>6 2>5 2>3 0>2
?,47,0>6 0>7 0>2 0>3
?,48,0>6 0>3 0>8 0>5
?,49,0>6 0>5 0>3 0>1
?,50,1>2 0>1 0>4 0>9
11,1,5>3 6>5 1>6 1>2
11,2,0>9 0>5 0>2 0>1
11,3,2>9 6>2 0>6 0>5
11,4,1>6 1>5 1>0 1>9
11,5,1>6 1>8 1>2 1>5
11,6,0>6 0>1 0>7 0>9
11,7,3>6 3>5 1>3 0>1
11,8,1>9 1>7 1>3 1>4
11,9,4>1 4>0 4>9 4>6
11,10,3>6 8>3 1>8 0>1
11,11,3>7 3>5 6>3 0>6
11,12,5>7 0>5 1>0 1>6
11,13,0>2 0>7 0>5 0>1
11,14,5>9 5>7 0>5 0>6
11,15,1>7 1>8 1>4 1>5
11,16,6>9 4>6 0>4 0>3
11,17,4>5 4>8 3>4 1>3
11,18,6>4 5>6 1>5 1>7
11,19,6>3 5>6 5>8 0>5
11,20,3>7 5>3 2>5 0>2
11,21,3>8 4>3 0>4 0>6
11,22,3>5 0>3 1>0 1>7
11,23,0>7 0>3 0>2 0>6
11,24,7>8 3>7 4>3 4>1
11,25,3>8 3>4 2>3 2>9
11,26,7>8 4>7 0>4 0>3
11,27,6>4 6>1 8>6 7>8
11,28,1>0 1>5 1>6 1>3
11,29,0>4 0>7 0>1 0>6
11,30,4>8 1>4 1>3 0>1
11,31,5>4 2>5 1>2 0>1
11,32,1>5 1>9 1>3 1>4
11,33,2>6 3>2 4>3 0>4
11,34,7>4 3>7 3>5 0>3
11,35,1>2 1>6 1>5 0>1
11,36,1>8 1>4 3>1 0>3
11,37,5>4 0>5 0>6 0>7
11,38,1>6 0>1 0>7 0>4
11,39,4>7 0>4 0>2 3>0
11,40,4>8 4>3 0>4 0>7
11,41,1>7 1>0 1>8 1>3
11,42,0>3 0>5 0>9 0>4
11,43,7>9 2>7 2>3 4>2
11,44,1>3 1>6 0>1 0>7
11,45,0>4 0>5 0>6 0>1
11,46,5>4 6>5 6>7 0>6
11,47,0>4 0>6 0>5 0>7
11,48,5>6 7>5 1>7 1>8
11,49,3>4 3>8 3>5 3>6
11,50,2>4 2>0 2>6 1>2
?,1,4>2 0>4 0>5 0>8
?,2,1>9 1>5 1>7 6>1
?,3,0>9 0>2 6>0 6>7
?,4,7>3 7>4 7>8 7>6
?,5,0>7 0>9 0>2 4>0
?,6,0>9 2>0 2>8 2>7
?,7,0>6 7>0 7>4 7>2
?,8,6>1 6>3 6>7 5>6
?,9,2>8 9>2 9>7 0>9
?,10,2>6 2>9 2>1 2>8
?,11,4>1 4>9 0>4 7>0
?,12,0>7 1>0 2>1 2>3
?,13,6>8 6>9 1>6 3>1
?,14,5>2 5>7 0>5 0>9
?,15,0>2 0>6 0>8 4>0
?,16,0>6 0>4 0>9 0>3
?,17,9>7 9>4 5>9 2>5
?,18,0>5 0>3 1>0 1>6
?,19,8>7 1>8 3>1 0>3
?,20,1>3 1>4 1>8 1>9
?,21,4>1 5>4 0>5 0>7
?,22,4>6 4>7 2>4 0>2
?,23,3>8 3>1 3>5 3>7
?,24,6>4 6>2 1>6 8>1
?,25,4>3 5>4 5>9 5>6
?,26,7>4 8>7 8>6 5>8
?,27,4>2 1>4 1>3 1>8
?,28,5>6 1>5 1>9 1>4
?,29,4>0 4>5 4>3 4>7
?,30,1>6 1>4 1>9 3>1
?,31,6>4 0>6 0>9 0>2
?,32,1>6 1>5 0>1 0>9
?,33,7>5 6>7 9>6 9>2
?,34,7>2 3>7 0>3 0>9
?,35,2>1 2>6 4>2 4>3
?,36,0>9 8>0 1>8 1>3
?,37,4>0 6>4 7>6 1>7
?,38,5>7 3>5 2>3 2>4
?,39,8>7 4>8 9>4 3>9
?,40,2>7 2>8 2>0 2>9
?,41,2>9 7>2 8>7 0>8
?,42,1>0 1>6 1>9 5>1
?,43,1>0 1>6 1>5 1>9
?,44,0>5 1>0 1>4 1>7
?,45,6>4 6>5 7>6 1>7
?,46,8>9 4>8 5>4 1>5
?,47,5>9 5>7 0>5 2>0
?,48,5>6 4>5 7>4 7>1
?,49,2>0 2>8 1>2 1>3
?,50,0>8 0>5 0>1 6>0
?,1,1>3 1>8 1>0 1>4
?,2,6>5 3>6 1>3 1>7
?,3,1>5 1>2 1>8 1>6
?,4,6>7 2>6 2>5 1>2
?,5,6>7 5>6 0>5 0>1
?,6,3>4 1>3 0>1 0>8
?,7,4>8 2>4 0>2 0>6
?,8,8>9 5>8 5>7 2>5
?,9,1>5 1>0 1>9 1>4
?,10,0>1 0>6 0>9 0>7
?,11,5>7 0>5 4>0 3>4
?,12,1>7 1>5 1>6 0>1
?,13,0>7 0>5 0>8 0>4
?,14,6>4 6>9 3>6 3>5
?,15,1>8 1>3 1>5 1>2
?,16,1>9 1>4 1>7 1>5
?,17,6>4 0>6 0>7 0>5
?,18,1>6 1>3 1>9 1>4
?,19,1>6 1>5 1>2 1>4
?,20,0>4 0>7 0>1 0>6
?,21,0>7 0>6 0>8 0>5
?,22,1>9 1>3 1>4 1>6
?,23,0>5 0>8 2>0 2>3
?,24,0>3 0>7 0>8 0>5
?,25,1>5 1>8 1>6 1>7
?,26,2>8 2>7 0>2 0>9
?,27,4>7 4>0 4>9 4>5
?,28,0>8 0>9 0>7 2>0
?,29,4>3 0>4 0>1 0>6
?,30,8>9 6>8 0>6 1>0
?,31,3>2 1>3 1>7 0>1
?,32,3>1 3>6 3>8 3>0
?,33,0>1 0>3 0>5 0>7
?,34,0>2 0>5 0>7 0>4
?,35,1>2 0>1 0>4 0>5
?,36,7>4 2>7 0>2 0>3
?,37,1>8 1>6 1>4 1>7
?,38,4>7 4>8 4>3 4>9
?,39,1>6 1>4 1>3 1>8
?,40,4>2 4>6 4>7 4>3
?,41,1>9 1>6 1>4 0>1
?,42,5>3 7>5 1>7 1>4
?,43,2>0 3>2 1>3 1>4
?,44,4>7 4>8 4>2 4>9
?,45,0>7 0>8 0>5 0>3
?,46,6>8 1>6 1>7 2>1
?,47,7>6 7>5 1>7 1>0
?,48,3>9 0>3 1>0 1>4
?,49,2>5 1>2 0>1 0>8
?,50,1>7 3>1 4>3 6>4
?,1,3>8 0>3 0>9 0>1
?,2,3>9 3>7 0>3 0>1
?,3,3>7 3>9 3>1 3>5
?,4,5>7 0>5 0>8 0>3
?,5,2>5 2>8 1>2 1>3
?,6,1>2 3>1 7>3 0>7
?,7,5>6 5>7 1>5 1>3
?,8,0>4 7>0 1>7 1>8
?,9,0>2 3>0 3>6 3>1
?,10,3>4 3>1 0>3 5>0
?,11,3>8 0>3 0>4 0>9
?,12,1>6 4>1 4>8 4>9
?,13,4>1 4>8 4>2 5>4
?,14,6>9 6>7 6>3 6>4
?,15,0>4 0>2 1>0 1>8
?,16,2>6 2>9 3>2 3>8
?,17,3>8 5>3 4>5 4>7
?,18,8>3 4>8 7>4 7>9
?,19,7>5 3>7 3>6 3>0
?,20,4>5 4>3 4>7 6>4
?,21,7>8 2>7 1>2 1>4
?,22,4>3 9>4 1>9 1>6
?,23,3>8 3>4 3>6 2>3
?,24,1>9 1>3 1>6 0>1
?,25,1>6 1>5 7>1 7>4
?,26,6>9 7>6 3>7 3>5
?,27,6>8 0>6 0>3 0>7
?,28,4>8 5>4 5>7 5>3
?,29,0>4 1>0 1>3 1>7
?,30,5>6 4>5 1>4 0>1
?,31,5>8 5>6 2>5 4>2
?,32,6>4 6>9 0>6 2>0
?,33,2>6 2>5 4>2 0>4
?,34,3>5 1>3 1>7 9>1
?,35,8>1 7>8 7>5 7>6
?,36,6>4 3>6 5>3 1>5
?,37,0>4 0>6 1>0 1>7
?,38,9>3 2>9 2>4 5>2
?,39,3>8 4>3 6>4 0>6
?,40,4>3 4>5 4>8 0>4
?,41,4>9 4>6 0>4 5>0
?,42,8>3 0>8 0>4 0>1
?,43,0>4 0>7 0>6 0>1
?,44,4>7 4>8 0>4 0>1
?,45,0>2 0>3 5>0 4>5
?,46,0>5 2>0 3>2 1>3
?,47,7>9 7>8 7>5 7>4
?,48,1>2 5>1 5>7 4>5
?,49,2>8 2>4 2>6 2>0
?,50,3>5 3>8 3>4 1>3
?,1,9>3 9>6 0>9 0>4
?,2,4>5 4>9 0>4 0>6
?,3,4>6 3>4 3>7 8>3
?,4,7>8 1>7 5>1 2>5
?,5,1>6 2>1 2>4 7>2
?,6,4>0 4>9 3>4 1>3
?,7,6>3 6>0 1>6 1>7
?,8,1>8 1>0 1>7 1>4
?,9,7>8 3>7 3>4 1>3
?,10,7>9 7>3 7>8 7>6
?,11,2>9 3>2 3>6 7>3
?,12,3>1 6>3 0>6 0>7
?,13,6>3 6>9 6>8 2>6
?,14,1>9 1>8 1>4 1>7
?,15,1>3 1>4 1>5 1>7
?,16,0>2 0>4 0>7 0>1
?,17,5>1 0>5 0>3 0>9
?,18,3>1 3>4 3>5 3>6
?,19,6>9 4>6 0>4 3>0
?,20,8>3 5>8 4>5 4>6
?,21,3>7 3>9 3>8 4>3
?,22,0>8 5>0 6>5 6>4
?,23,1>8 1>3 5>1 5>7
?,24,7>4 7>0 2>7 2>9
?,25,2>0 2>5 1>2 7>1
?,26,1>5 1>9 1>3 1>8
?,27,4>6 4>8 4>9 1>4
?,28,2>6 2>1 0>2 0>3
?,29,5>4 1>5 0>1 0>7
?,30,9>7 9>4 9>3 0>9
?,31,1>4 1>3 6>1 8>6
?,32,8>9 4>8 2>4 2>0
?,33,2>3 2>0 2>5 2>9
?,34,1>0 1>5 3>1 3>4
?,35,0>5 0>9 2>0 2>4
?,36,1>8 9>1 7>9 0>7
?,37,0>4 0>7 0>9 2>0
?,38,3>2 3>9 3>4 6>3
?,39,1>9 1>8 5>1 4>5
?,40,4>1 4>5 6>4 6>9
?,41,4>7 4>1 4>8 3>4
?,42,7>5 1>7 1>4 3>1
?,43,2>0 2>6 1>2 4>1
?,44,4>5 4>8 4>9 0>4
?,45,5>8 0>5 0>6 0>3
?,46,3>8 3>9 4>3 1>4
?,47,3>4 2>3 2>9 2>8
?,48,0>5 0>2 0>6 0>4
?,49,4>5 2>4 1>2 1>3
?,50,3>5 4>3 4>9 4>1
?,1,0>3 0>9 0>7 0>1
?,2,1>3 1>8 1>4 1>5
?,3,1>8 1>4 0>1 0>5
?,4,0>4 0>1 0>6 0>2
?,5,3>2 3>7 5>3 1>5
?,6,3>7 3>6 3>1 0>3
?,7,3>8 3>6 3>0 4>3
?,8,0>7 0>4 0>3 0>1
?,9,1>6 1>0 1>8 1>9
?,10,5>6 5>9 5>2 5>7
?,11,0>6 0>9 0>8 0>2
?,12,2>6 2>9 1>2 1>5
?,13,1>3 1>9 0>1 0>7
?,14,1>8 3>1 0>3 0>4
?,15,1>5 1>2 1>9 4>1
?,16,8>4 8>6 8>7 5>8
?,17,6>5 6>3 1>6 1>0
?,18,0>1 0>8 0>2 0>6
?,19,1>7 0>1 0>6 0>3
?,20,2>0 2>4 2>3 5>2
?,21,3>4 3>0 3>8 3>6
?,22,7>8 6>7 9>6 4>9
?,23,0>1 0>2 0>3 0>7
?,24,1>9 0>1 0>5 0>4
?,25,1>0 1>5 1>6 1>4
?,26,4>7 1>4 1>2 1>9
?,27,3>9 0>3 0>1 0>7
?,28,3>5 3>4 8>3 1>8
?,29,3>7 3>4 0>3 1>0
?,30,0>5 0>1 0>7 0>4
?,31,2>7 2>9 3>2 4>3
?,32,3>4 3>8 0>3 0>6
?,33,3>9 3>6 4>3 1>4
?,34,0>9 0>3 0>5 0>6
?,35,8>4 0>8 0>6 3>0
?,36,0>5 1>0 1>7 1>3
?,37,1>4 1>6 0>1 3>0
?,38,0>7 0>3 0>8 0>1
?,39,1>4 1>9 0>1 0>6
?,40,4>5 4>8 4>6 4>3
?,41,6>7 6>8 3>6 0>3
?,42,1>3 1>4 1>7 1>8
?,43,2>7 1>2 1>4 1>0
?,44,0>9 0>3 0>2 0>7
?,45,3>7 6>3 5>6 5>9
?,46,0>5 1>0 1>6 1>9
?,47,1>6 1>9 1>0 1>5
?,48,1>0 1>4 1>3 1>2
?,49,0>8 1>0 1>3 1>6
?,50,5>1 0>5 2>0 2>6
?,1,3>4 3>9 1>3 1>7
?,2,0>9 0>3 0>4 0>5
?,3,1>4 1>9 2>1 6>2
?,4,0>6 0>8 0>4 3>0
?,5,0>9 0>7 0>6 0>5
?,6,1>9 1>4 1>5 1>3
?,7,1>4 3>1 3>6 0>3
?,8,8>3 8>0 4>8 4>5
?,9,0>8 0>7 0>4 0>5
?,10,2>3 1>2 1>6 0>1
?,11,5>9 0>5 0>3 0>7
?,12,0>7 0>5 0>2 0>9
?,13,0>6 0>1 0>9 0>8
?,14,4>6 5>4 3>5 3>9
?,15,4>7 9>4 1>9 1>0
?,16,5>2 4>5 0>4 0>7
?,17,2>8 0>2 3>0 3>5
?,18,4>5 4>2 4>7 0>4
?,19,5>7 2>5 2>3 4>2
?,20,1>4 1>6 5>1 5>9
?,21,0>5 0>1 0>4 0>7
?,22,6>4 3>6 0>3 1>0
?,23,0>1 0>4 3>0 3>6
?,24,7>3 1>7 1>0 4>1
?,25,0>5 0>9 0>4 0>8
?,26,0>1 0>4 0>2 0>7
?,27,1>9 0>1 0>2 0>7
?,28,1>9 1>4 1>3 0>1
?,29,4>3 4>1 4>9 4>6
?,30,3>5 0>3 6>0 4>6
?,31,0>3 0>6 0>9 0>1
?,32,2>0 2>6 2>3 1>2
?,33,6>9 1>6 1>4 1>7
?,34,2>9 2>3 2>7 2>0
?,35,4>7 4>8 4>1 4>3
?,36,3>9 6>3 6>7 1>6
?,37,8>7 0>8 0>5 0>3
?,38,0>6 0>4 5>0 5>3
?,39,0>3 0>9 0>6 0>1
?,40,1>9 1>5 1>8 1>3
?,41,2>5 4>2 3>4 0>3
?,42,6>0 6>5 1>6 1>4
?,43,5>7 6>5 2>6 3>2
?,44,5>4 5>6 5>7 0>5
?,45,3>5 0>3 2>0 4>2
?,46,5>2 5>6 0>5 0>4
?,47,0>4 0>9 1>0 1>5
?,48,1>3 0>1 0>4 0>8
?,49,4>2 7>4 7>8 5>7
?,50,3>1 3>8 2>3 2>5
?,1,8>9 8>7 1>8 0>1
?,2,3>8 3>4 5>3 5>0
?,3,0>1 0>7 0>2 0>5
?,4,2>5 2>3 2>4 2>9
?,5,4>8 3>4 3>2 3>6
?,6,0>7 0>1 0>3 4>0
?,7,0>3 0>7 0>4 0>8
?,8,0>1 0>6 0>4 0>8
?,9,4>3 4>1 2>4 6>2
?,10,2>4 2>7 2>6 1>2
?,11,3>0 3>7 3>6 1>3
?,12,3>4 3>8 3>1 2>3
?,13,0>6 0>3 0>5 0>7
?,14,6>3 0>6 0>2 0>9
?,15,6>4 6>9 6>7 1>6
?,16,4>7 4>5 2>4 2>3
?,17,1>4 1>2 1>3 1>7
?,18,6>8 6>7 6>4 0>6
?,19,8>9 0>8 0>7 0>2
?,20,3>7 1>3 0>1 0>9
?,21,5>6 5>2 5>7 4>5
?,22,2>7 2>3 2>5 2>6
?,23,0>2 0>5 0>6 0>1
?,24,6>5 7>6 2>7 2>0
?,25,2>4 0>2 0>1 0>8
?,26,4>5 1>4 1>3 0>1
?,27,0>2 0>6 0>1 0>9
?,28,0>8 0>5 0>4 1>0
?,29,0>5 0>8 0>3 0>7
?,30,8>7 4>8 2>4 2>6
?,31,0>6 0>3 0>9 0>2
?,32,7>6 5>7 0>5 0>1
?,33,2>0 2>6 4>2 3>4
?,34,0>5 0>8 0>3 0>7
?,35,0>3 0>7 2>0 2>6
?,36,4>3 4>9 4>7 0>4
?,37,3>2 3>4 0>3 0>5
?,38,5>9 1>5 2>1 0>2
?,39,5>9 4>5 4>8 4>7
?,40,3>0 3>6 1>3 1>2
?,41,0>5 0>6 0>7 0>8
?,42,5>1 6>5 4>6 4>0
?,43,2>1 2>4 2>7 2>5
?,44,6>9 0>6 0>5 0>4
?,45,4>7 4>5 0>4 0>2
?,46,4>6 1>4 1>7 0>1
?,47,5>8 2>5 2>4 2>7
?,48,3>4 3>5 1>3 1>6
?,49,3>8 3>4 0>3 0>2
?,50,4>7 4>6 0>4 0>2
?,1,5>3 0>5 0>2 0>4
?,2,1>0 1>6 2>1 2>4
?,3,1>6 1>7 0>1 0>9
?,4,1>5 1>8 6>1 4>6
?,5,6>9 7>6 2>7 2>0
?,6,5>7 5>2 8>5 8>1
?,7,2>1 2>6 4>2 4>7
?,8,2>9 2>6 2>7 2>1
?,9,0>7 0>9 3>0 3>6
?,10,5>4 2>5 2>1 6>2
?,11,0>6 0>1 0>2 0>3
?,12,3>7 3>0 3>6 3>8
?,13,1>4 1>9 1>3 0>1
?,14,1>6 1>8 2>1 2>7
?,15,1>6 1>8 7>1 7>9
?,16,3>1 3>6 3>4 0>3
?,17,7>9 7>1 8>7 2>8
?,18,2>9 2>7 6>2 5>6
?,19,3>8 1>3 1>0 1>6
?,20,3>4 3>7 0>3 0>6
?,21,4>6 7>4 1>7 3>1
?,22,5>4 5>0 6>5 6>7
?,23,4>8 4>6 3>4 3>7
?,24,3>6 9>3 9>8 0>9
?,25,5>7 5>2 1>5 1>9
?,26,0>3 0>4 0>9 1>0
?,27,8>3 5>8 0>5 0>4
?,28,6>9 1>6 1>5 0>1
?,29,6>3 7>6 1>7 4>1
?,30,7>9 5>7 2>5 4>2
?,31,1>3 0>1 0>8 0>4
?,32,7>8 1>7 0>1 0>3
?,33,0>4 0>9 0>6 0>1
?,34,0>4 0>7 5>0 5>3
?,35,2>0 3>2 3>9 1>3
?,36,3>2 3>4 7>3 6>7
?,37,4>7 4>8 4>9 0>4
?,38,1>4 7>1 7>8 7>9
?,39,4>3 4>8 4>6 0>4
?,40,0>4 0>1 0>7 3>0
?,41,1>5 1>4 0>1 0>6
?,42,0>2 0>4 0>8 0>9
?,43,3>7 1>3 1>2 1>0
?,44,0>7 0>8 0>5 1>0
?,45,0>8 0>4 0>1 0>9
?,46,0>7 0>9 0>1 0>4
?,47,1>7 1>8 3>1 2>3
?,48,6>4 0>6 3>0 1>3
?,49,4>2 7>4 7>6 0>7
?,50,4>2 0>4 0>9 0>3
?,1,5>0 5>4 6>5 1>6
?,2,4>7 4>1 8>4 0>8
?,3,9>6 0>9 0>4 0>1
?,4,2>5 0>2 0>6 1>0
?,5,3>9 8>3 1>8 1>6
?,6,0>5 0>2 1>0 1>7
?,7,6>3 1>6 1>7 8>1
?,8,0>3 0>6 0>8 0>7
?,9,4>5 7>4 2>7 2>6
?,10,1>8 1>9 1>6 5>1
?,11,1>4 1>5 1>7 1>2
?,12,5>8 3>5 0>3 0>4
?,13,1>6 1>3 1>2 1>4
?,14,0>9 0>1 0>6 8>0
?,15,0>4 0>7 0>8 0>6
?,16,6>1 0>6 3>0 3>4
?,17,7>1 7>6 7>2 5>7
?,18,0>8 0>4 0>1 0>5
?,19,0>7 0>6 5>0 8>5
?,20,4>2 1>4 0>1 5>0
?,21,6>5 6>7 6>0 6>9
?,22,1>9 1>6 1>3 2>1
?,23,6>2 6>7 0>6 0>9
?,24,4>7 4>6 0>4 0>9
?,25,6>1 4>6 4>9 4>8
?,26,7>0 3>7 4>3 6>4
?,27,2>9 2>0 4>2 4>6
?,28,0>9 0>5 0>3 0>4
?,29,5>6 2>5 0>2 0>7
?,30,4>6 4>8 4>7 0>4
?,31,4>2 7>4 7>8 7>3
?,32,0>2 0>7 1>0 1>8
?,33,4>5 4>8 4>3 0>4
?,34,0>5 1>0 4>1 7>4
?,35,5>3 0>5 0>6 0>7
?,36,6>8 0>6 5>0 2>5
?,37,6>3 0>6 1>0 1>7
?,38,0>5 0>8 0>9 0>1
?,39,6>7 0>6 0>8 0>5
?,40,8>9 6>8 2>6 2>7
?,41,1>0 1>5 1>3 1>6
?,42,1>8 1>4 1>3 1>7
?,43,5>1 5>8 5>6 4>5
?,44,3>9 2>3 4>2 4>7
?,45,3>5 3>2 9>3 1>9
?,46,0>1 0>9 0>6 8>0
?,47,4>9 4>6 1>4 1>2
?,48,2>8 1>2 0>1 0>3
?,49,1>6 1>9 0>1 0>3
?,50,5>4 5>6 5>7 5>3
21,1,6>3 6>2 6>5 7>6
21,2,3>0 3>5 3>1 8>3
21,3,0>9 6>0 4>6 4>7
21,4,4>8 9>4 5>9 3>5
21,5,3>4 8>3 6>8 6>2
21,6,4>0 2>4 2>3 2>7
21,7,9>2 9>4 3>9 3>1
21,8,4>5 3>4 0>3 0>9
21,9,7>3 7>2 1>7 1>4
21,10,5>0 7>5 7>3 7>6
21,11,0>9 0>8 0>7 1>0
21,12,3>1 0>3 6>0 8>6
21,13,9>5 0>9 0>1 0>4
21,14,8>5 8>2 6>8 6>9
21,15,2>8 2>0 9>2 6>9
21,16,2>7 2>3 2>4 1>2
21,17,3>9 3>5 7>3 0>7
21,18,3>6 3>7 3>4 0>3
21,19,8>5 8>7 4>8 1>4
21,20,9>5 9>1 2>9 2>0
21,21,6>1 7>6 7>8 7>2
21,22,0>9 0>3 0>2 4>0
21,23,4>6 1>4 1>0 8>1
21,24,1>3 4>1 4>7 5>4
21,25,1>7 1>6 1>0 1>9
21,26,9>2 6>9 1>6 1>8
21,27,0>1 8>0 2>8 2>6
21,28,9>8 6>9 0>6 3>0
21,29,0>4 1>0 1>2 3>1
21,30,4>7 0>4 3>0 3>1
21,31,0>6 0>3 0>7 0>1
21,32,1>7 1>9 3>1 3>6
21,33,3>8 7>3 1>7 1>5
21,34,6>0 9>6 8>9 8>3
21,35,1>5 6>1 6>0 7>6
21,36,0>1 0>7 0>3 0>4
21,37,5>7 8>5 1>8 6>1
21,38,0>9 0>8 0>4 0>1
21,39,3>2 3>9 3>0 3>6
21,40,2>8 3>2 3>5 3>6
21,41,2>5 2>7 2>1 2>6
21,42,8>4 0>8 0>5 0>9
21,43,8>9 0>8 0>2 0>3
21,44,7>2 4>7 8>4 8>6
21,45,3>8 2>3 4>2 6>4
21,46,5>4 6>5 6>9 6>2
21,47,0>4 5>0 5>3 5>1
21,48,9>4 0>9 0>3 0>1
21,49,2>4 2>0 6>2 5>6
21,50,3>1 7>3 7>4 2>7
22,1,8 2 6 4 0
22,2,9 0 6 4 5
22,3,5 9 8 0 4
22,4,2 4 6 0 5
22,5,8 5 1 3 4
22,6,0 9 3 6 1
22,7,9 7 3 8 5
22,8,6 0 5 2 4
22,9,5 2 7 0 3
22,10,4 2 6 9 7
22,11,4 3 1 8 6
22,12,3 5 8 0 9
22,13,3 0 5 8 1
22,14,9 2 4 7 3
22,15,9 1 0 4 2
22,16,2 9 5 7 6
22,17,8 4 7 5 0
22,18,0 5 6 2 1
22,19,1 9 0 4 5
22,20,9 3 5 8 4
22,21,1 0 5 3 8
22,22,7 3 2 9 6
22,23,4 7 5 0 9
22,24,6 3 0 9 7
22,25,5 0 1 6 4
22,26,1 7 3 4 9
22,27,1 3 2 9 5
22,28,3 1 7 0 4
22,29,7 9 0 4 8
22,30,5 6 8 7 0
22,31,9 2 8 4 7
22,32,0 7 9 1 6
22,33,5 3 0 8 9
22,34,6 8 2 4 0
22,35,5 2 9 7 1
22,36,6 0 5 4 1
22,37,3 4 7 0 5
22,38,0 6 7 9 3
22,39,5 4 1 2 3
22,40,5 4 0 6 3
22,41,6 9 0 2 8
22,42,3 7 9 5 8
22,43,4 1 6 3 0
22,44,7 2 8 3 4
22,45,1 5 9 7 2
22,46,4 0 7 5 3
22,47,8 5 9 1 2
22,48,0 4 3 2 7
22,49,4 6 0 3 7
22,50,1 4 5 6 7
23,1,2 6 3 1 5
23,2,8 5 4 0 7
23,3,7 8 3 2 4
23,4,3 6 0 7 8
23,5,4 3 2 0 1
23,6,7 4 3 5 2
23,7,7 1 0 8 3
23,8,7 2 3 0 1
23,9,2 5 8 6 4
23,10,0 4 6 2 8
23,11,1 3 7 5 0
23,12,8 7 6 2 5
23,13,3 2 7 5 4
23,14,6 7 5 8 9
23,15,0 8 2 6 4
23,16,1 0 2 4 7
23,17,3 8 0 5 4
23,18,7 4 2 9 0
23,19,0 5 3 1 9
23,20,5 1 2 0 9
23,21,0 4 9 8 6
23,22,0 2 5 3 9
23,23,8 0 4 5 9
23,24,2 3 8 9 1
23,25,8 1 0 6 3
23,26,2 4 0 9 7
23,27,4 9 6 3 7
23,28,1 5 3 2 8
23,29,9 4 0 3 2
23,30,0 6 5 1 4
23,31,8 3 7 4 0
23,32,4 7 0 2 1
23,33,7 4 8 6 9
23,34,3 9 5 7 1
23,35,1 4 0 8 9
23,36,0 6 9 3 1
23,37,0 9 5 4 1
23,38,8 0 5 9 2
23,39,2 0 7 6 3
23,40,9 0 4 1 6
23,41,5 9 3 2 1
23,42,0 6 4 8 3
23,43,7 2 8 1 4
23,44,2 3 1 9 4
23,45,1 9 8 4 3
23,46,7 8 0 4 3
23,47,0 2 3 1 4
23,48,6 0 7 9 2
23,49,4 3 9 2 1
23,50,0 9 5 1 3
24,1,5 3 8 0 6
24,2,6 4 1 0 3
24,3,9 7 1 4 3
24,4,6 0 5 8 7
24,5,0 7 2 1 8
24,6,7 8 4 0 3
24,7,9 6 2 5 8
24,8,1 6 3 8 2
24,9,4 0 6 1 5
24,10,4 5 7 8 6
24,11,9 5 0 8 1
24,12,0 1 8 4 2
24,13,5 9 2 0 6
24,14,0 9 3 6 1
24,15,0 8 5 7 3
24,16,5 1 7 3 2
24,17,3 8 7 0 2
24,18,9 5 2 7 8
24,19,0 1 3 6 9
24,20,1 2 4 8 5
24,21,5 3 6 4 7
24,22,1 9 3 7 6
24,23,1 4 8 0 5
24,24,9 2 1 7 4
24,25,9 8 6 5 4
24,26,3 0 1 5 4
24,27,1 3 6 0 4
24,28,3 6 5 8 7
24,29,0 7 4 6 3
24,30,1 0 9 4 6
24,31,8 0 2 1 5
24,32,5 9 0 1 2
24,33,0 8 7 4 2
24,34,5 9 7 3 1
24,35,5 0 9 6 1
24,36,3 0 4 5 8
24,37,9 6 4 2 3
24,38,1 6 7 4 8
24,39,2 6 9 7 1
24,40,2 4 7 9 5
24,41,0 9 7 8 2
24,42,8 5 4 7 3
24,43,6 8 0 5 3
24,44,2 4 7 8 3
24,45,4 9 0 7 1
24,46,7 2 3 4 1
24,47,6 5 4 3 9
24,48,0 1 5 4 7
24,49,1 7 5 9 3
24,50,3 9 2 1 5
25,1,2 7 4 0 1
25,2,9 8 5 7 6
25,3,8 7 1 2 9
25,4,0 1 4 2 9
25,5,6 5 3 4 8
25,6,1 8 6 4 9
25,7,0 8 6 2 5
25,8,7 8 2 9 1
25,9,4 3 5 0 7
25,10,7 2 1 0 6
25,11,5 1 3 4 0
25,12,4 8 0 6 9
25,13,1 7 5 0 2
25,14,6 4 2 1 5
25,15,7 9 3 0 8
25,16,6 4 9 1 3
25,17,8 4 0 1 2
25,18,0 2 7 9 8
25,19,2 3 0 5 9
25,20,9 4 6 0 2
25,21,1 0 5 4 6
25,22,2 7 9 1 5
25,23,9 3 2 5 0
25,24,9 6 3 2 5
25,25,3 6 5 2 4
25,26,3 4 6 0 9
25,27,9 1 5 2 7
25,28,8 4 6 2 5
25,29,8 5 1 4 3
25,30,6 0 2 1 5
25,31,3 0 4 1 5
25,32,3 5 6 9 0
25,33,9 4 6 0 2
25,34,8 5 2 1 0
25,35,0 8 6 5 2
25,36,9 3 2 0 6
25,37,2 3 5 8 4
25,38,7 5 0 2 1
25,39,6 1 5 3 4
25,40,2 6 0 3 5
25,41,3 2 1 0 8
25,42,0 6 8 1 3
25,43,6 2 1 5 4
25,44,8 3 9 2 5
25,45,3 4 5 9 2
25,46,8 7 3 2 6
25,47,3 5 8 4 0
25,48,0 3 4 6 8
25,49,4 5 6 1 3
25,50,1 9 5 3 7
26,1,3 5 8 9 0
26,2,1 6 2 8 5
26,3,1 5 9 3 4
26,4,0 6 9 8 1
26,5,6 8 0 2 7
26,6,4 6 3 7 5
26,7,2 5 1 0 6
26,8,3 7 2 8 6
26,9,9 0 5 1 2
26,10,8 9 2 6 7
26,11,6 8 4 5 1
26,12,9 6 7 1 4
26,13,8 3 0 5 9
26,14,8 7 1 5 0
26,15,3 1 6 9 0
26,16,6 0 5 7 4
26,17,8 9 7 1 2
26,18,1 6 9 2 0
26,19,6 1 5 3 9
26,20,6 2 3 9 1
26,21,2 9 7 4 3
26,22,8 5 6 4 1
26,23,5 4 9 6 8
26,24,4 5 3 7 9
26,25,5 3 6 1 0
26,26,2 6 1 4 3
26,27,2 1 3 0 5
26,28,0 7 5 4 8
26,29,7 0 6 3 4
26,30,6 8 2 3 7
26,31,8 9 0 6 5
26,32,5 0 9 4 6
26,33,0 3 8 1 7
26,34,8 2 5 9 6
26,35,4 3 2 9 6
26,36,5 0 7 3 6
26,37,8 0 5 7 3
26,38,9 2 8 4 0
26,39,4 7 9 0 5
26,40,6 4 1 0 9
26,41,0 1 5 8 6
26,42,9 6 0 5 1
26,43,2 5 4 1 7
26,44,1 2 8 7 6
26,45,9 7 1 4 2
26,46,1 0 8 3 6
26,47,7 0 3 6 2
26,48,1 4 3 7 2
26,49,0 5 8 3 7
26,50,0 9 3 8 4
27,1,3 5 2 9 0
27,2,0 6 4 9 7
27,3,9 5 1 0 2
27,4,1 8 0 7 2
27,5,2 7 0 4 1
27,6,9 5 4 3 2
27,7,9 1 4 8 7
27,8,0 1 5 4 2
27,9,3 1 6 4 8
27,10,5 0 4 8 7
27,11,6 0 1 4 8
27,12,4 7 2 3 6
27,13,1 2 3 0 4
27,14,0 9 3 1 6
27,15,5 3 8 0 9
27,16,5 3 0 6 1
27,17,2 4 5 1 8
27,18,5 1 6 8 3
27,19,4 9 2 8 7
27,20,5 8 0 2 9
27,21,4 1 7 3 8
27,22,0 4 5 8 2
27,23,1 2 7 6 4
27,24,8 2 0 6 9
27,25,7 3 5 1 8
27,26,1 3 5 6 2
27,27,1 0 3 9 6
27,28,6 0 7 2 9
27,29,9 5 8 6 0
27,30,3 5 0 8 1
27,31,0 2 5 4 9
27,32,1 5 9 6 0
27,33,7 2 9 1 5
27,34,2 8 4 5 7
27,35,2 4 1 3 6
27,36,1 9 0 7 6
27,37,3 7 2 5 9
27,38,8 4 0 2 6
27,39,4 7 6 9 3
27,40,8 1 4 7 2
27,41,2 6 3 8 5
27,42,1 0 8 7 2
27,43,0 9 3 7 2
27,44,8 4 7 0 1
27,45,6 9 7 3 1
27,46,5 6 3 4 2
27,47,2 1 0 9 5
27,48,4 3 8 7 5
27,49,3 5 2 6 8
27,50,8 4 2 1 3
28,1,6 8 7 0 9
28,2,5 8 4 9 7
28,3,4 0 1 8 5
28,4,8 3 6 9 0
28,5,2 5 1 4 7
28,6,2 6 4 7 9
28,7,2 5 1 6 0
28,8,1 0 9 6 2
28,9,9 2 7 8 6
28,10,0 6 9 3 5
28,11,7 3 1 2 6
28,12,5 3 9 2 0
28,13,8 5 3 9 1
28,14,7 9 1 4 3
28,15,0 4 2 3 6
28,16,4 6 1 8 3
28,17,2 0 3 1 7
28,18,4 5 9 2 1
28,19,6 8 3 4 2
28,20,5 1 0 4 2
28,21,2 3 9 6 1
28,22,1 3 7 2 0
28,23,5 3 2 7 9
28,24,4 1 5 9 3
28,25,8 5 1 2 4
28,26,7 5 2 6 0
28,27,7 3 0 6 4
28,28,6 9 5 2 8
28,29,6 4 8 0 9
28,30,6 8 0 2 9
28,31,0 1 7 5 8
28,32,6 0 7 3 1
28,33,5 4 7 0 3
28,34,9 8 5 3 7
28,35,4 7 5 0 9
28,36,0 7 1 8 6
28,37,6 2 8 7 0
28,38,5 1 2 0 7
28,39,2 5 0 4 7
28,40,8 4 7 0 3
28,41,6 2 4 0 8
28,42,7 8 9 4 1
28,43,8 7 9 4 6
28,44,5 7 8 4 1
28,45,9 8 4 7 0
28,46,4 8 0 5 6
28,47,0 5 2 1 3
28,48,4 2 6 1 8
28,49,6 7 1 4 0
28,50,4 3 5 7 1
29,1,2 8 5 1 4
29,2,3 2 9 5 8
29,3,0 6 9 7 5
29,4,9 5 4 7 8
29,5,0 9 5 4 1
29,6,5 3 2 9 4
29,7,4 0 3 1 7
29,8,7 5 2 3 1
29,9,4 0 3 9 1
29,10,0 5 1 2 8
29,11,4 2 6 9 0
29,12,1 7 2 4 6
29,13,8 1 6 7 5
29,14,4 6 1 9 5
29,15,2 8 3 9 7
29,16,2 3 5 0 4
29,17,7 4 1 8 2
29,18,9 2 6 0 8
29,19,2 0 5 9 7
29,20,8 1 4 2 9
29,21,3 1 4 9 5
29,22,9 3 2 7 1
29,23,9 2 6 1 0
29,24,3 6 2 9 7
29,25,9 3 8 4 1
29,26,5 0 7 6 4
29,27,6 9 5 0 7
29,28,5 8 1 4 3
29,29,5 3 2 6 8
29,30,3 8 1 9 0
29,31,8 0 7 4 6
29,32,9 8 1 6 3
29,33,3 9 2 5 4
29,34,2 8 3 0 7
29,35,2 0 1 3 7
29,36,8 4 5 7 2
29,37,6 8 0 9 4
29,38,3 6 7 5 2
29,39,4 8 6 7 1
29,40,6 9 2 4 8
29,41,1 9 3 2 0
29,42,8 1 0 9 5
29,43,2 6 5 1 8
29,44,2 0 4 8 5
29,45,8 2 1 4 6
29,46,0 7 4 2 5
29,47,3 5 4 2 6
29,48,8 2 4 5 1
29,49,4 8 5 0 2
29,50,8 9 2 1 5
30,1,0 3 7 1 2
30,2,8 0 6 1 5
30,3,2 3 4 5 0
30,4,0 4 6 2 5
30,5,8 6 9 4 5
30,6,2 7 8 3 5
30,7,5 2 8 0 7
30,8,4 8 9 5 6
30,9,5 3 8 6 7
30,10,3 2 7 4 8
30,11,4 3 1 7 2
30,12,4 1 0 9 3
30,13,0 4 7 5 6
30,14,6 5 2 1 3
30,15,8 2 9 3 1
30,16,0 6 2 9 5
30,17,1 2 4 3 8
30,18,5 9 2 4 1
30,19,8 6 7 1 3
30,20,4 5 7 8 0
30,21,1 7 9 0 4
30,22,1 2 5 4 8
30,23,9 4 5 8 6
30,24,4 8 1 2 0
30,25,6 4 5 7 3
30,26,3 8 9 1 0
30,27,5 4 6 2 3
30,28,7 0 5 9 4
30,29,0 9 5 2 8
30,30,7 8 6 9 0
30,31,5 6 0 9 4
30,32,1 5 6 0 2
30,33,0 8 7 5 6
30,34,4 6 5 9 3
30,35,6 0 1 9 2
30,36,2 0 5 4 3
30,37,1 3 7 6 8
30,38,2 1 9 5 8
30,39,1 0 9 3 5
30,40,6 9 3 4 7
30,41,5 4 6 9 7
30,42,8 2 0 4 5
30,43,6 0 4 5 8
30,44,8 0 6 9 1
30,45,2 8 3 1 6
30,46,9 3 0 5 4
30,47,6 9 7 3 8
30,48,8 0 5 6 2
30,49,8 3 6 1 9
30,50,7 4 6 0 5
31,1,0 6 7 5 1
31,2,5 4 3 2 0
31,3,5 0 3 7 6
31,4,9 6 3 7 8
31,5,2 4 6 1 3
31,6,7 4 9 5 1
31,7,3 5 6 7 2
31,8,8 1 3 0 2
31,9,2 0 6 5 8
31,10,9 1 5 3 6
31,11,6 4 7 8 3
31,12,8 2 7 1 4
31,13,4 9 6 2 0
31,14,9 0 2 8 5
31,15,9 1 2 5 8
31,16,8 9 4 5 7
31,17,5 0 4 1 2
31,18,7 5 9 4 3
31,19,8 7 2 4 3
31,20,3 4 7 1 9
31,21,6 5 4 2 0
31,22,0 8 2 5 7
31,23,8 9 5 3 6
31,24,8 2 3 1 7
31,25,3 9 2 5 4
31,26,9 3 6 4 8
31,27,4 8 5 9 6
31,28,7 3 6 5 2
31,29,5 2 4 6 9
31,30,5 2 4 7 3
31,31,5 6 9 2 1
31,32,6 7 2 9 4
31,33,3 8 2 1 9
31,34,0 7 8 3 2
31,35,5 0 1 8 4
31,36,8 6 7 9 0
31,37,0 6 1 8 9
31,38,9 3 6 4 5
31,39,4 6 9 0 5
31,40,5 8 3 9 0
31,41,0 9 8 5 3
31,42,1 2 5 9 6
31,43,3 4 9 2 7
31,44,9 4 1 7 3
31,45,3 7 1 0 5
31,46,7 3 9 1 5
31,47,3 0 2 6 8
31,48,7 3 2 5 1
31,49,6 5 0 2 8
31,50,5 1 3 8 2
32,1,3 4 7 0 5
32,2,8 4 1 7 9
32,3,6 2 4 5 8
32,4,0 7 8 9 5
32,5,0 5 8 7 2
32,6,1 2 5 7 3
32,7,8 7 1 5 3
32,8,7 6 2 3 9
32,9,1 6 9 7 4
32,10,4 3 7 2 8
32,11,2 9 7 6 3
32,12,4 6 5 8 3
32,13,8 7 0 5 9
32,14,3 2 1 8 0
32,15,4 8 1 6 7
32,16,5 6 2 8 4
32,17,3 0 8 6 2
32,18,6 0 3 8 4
32,19,9 3 8 5 2
32,20,4 2 7 9 5
32,21,1 5 0 3 4
32,22,1 5 7 3 4
32,23,0 1 5 8 2
32,24,5 2 0 6 4
32,25,8 4 9 5 7
32,26,1 4 2 6 8
32,27,2 3 0 8 7
32,28,5 2 1 3 0
32,29,7 5 3 4 9
32,30,1 8 3 9 2
32,31,0 6 3 7 5
32,32,2 8 9 5 3
32,33,6 9 8 2 7
32,34,1 6 3 8 2
32,35,8 0 9 2 6
32,36,4 1 5 0 3
32,37,9 6 1 4 5
32,38,9 5 3 7 2
32,39,3 7 1 5 6
32,40,0 6 7 2 4
32,41,5 3 7 4 6
32,42,0 1 9 4 6
32,43,5 9 8 0 3
32,44,0 4 2 8 6
32,45,1 4 3 2 0
32,46,7 5 9 1 4
32,47,6 5 1 8 7
32,48,7 8 6 0 5
32,49,3 5 6 8 9
32,50,0 1 5 3 4
33,1,7 0 2 3 6
33,2,9 8 2 4 1
33,3,7 5 8 3 1
33,4,2 3 1 4 5
33,5,6 8 0 1 4
33,6,6 2 5 8 7
33,7,2 9 8 1 6
33,8,4 0 7 2 9
33,9,4 7 9 3 6
33,10,0 8 3 1 7
33,11,4 0 9 2 3
33,12,3 0 1 5 6
33,13,1 8 6 5 2
33,14,3 9 2 1 5
33,15,0 2 8 6 5
33,16,0 2 3 8 7
33,17,1 4 9 7 6
33,18,0 5 8 3 4
33,19,5 2 9 3 4
33,20,5 2 4 7 8
33,21,5 9 7 8 2
33,22,1 0 7 3 4
33,23,4 1 5 2 8
33,24,7 4 1 8 2
33,25,8 1 7 2 9
33,26,4 1 7 8 2
33,27,8 7 0 6 3
33,28,2 6 7 0 8
33,29,8 0 3 1 9
33,30,1 5 8 2 9
33,31,8 2 9 1 5
33,32,7 2 3 9 6
33,33,5 4 9 1 8
33,34,3 4 7 9 6
33,35,0 5 1 8 2
33,36,7 9 5 0 2
33,37,2 6 9 4 8
33,38,5 1 6 8 7
33,39,5 6 8 9 1
33,40,8 7 9 2 6
33,41,3 4 6 7 8
33,42,2 8 5 6 7
33,43,4 1 9 0 8
33,44,7 8 9 2 1
33,45,1 8 3 7 4
33,46,5 4 9 0 6
33,47,0 1 8 5 3
33,48,9 7 5 0 8
33,49,3 4 1 2 9
33,50,5 1 0 6 2
34,1,2 5 7 4 3
34,2,8 0 6 9 2
34,3,7 1 8 6 3
34,4,1 2 7 0 8
34,5,9 4 5 3 1
34,6,1 3 9 0 8
34,7,9 1 6 4 2
34,8,0 8 2 6 4
34,9,6 9 4 5 1
34,10,9 0 2 8 1
34,11,5 1 8 3 7
34,12,9 2 0 6 7
34,13,7 4 5 2 3
34,14,4 2 1 6 3
34,15,7 2 6 5 4
34,16,2 5 7 8 1
34,17,4 0 5 2 9
34,18,9 8 6 2 3
34,19,9 5 8 0 3
34,20,4 0 8 5 3
34,21,8 2 9 4 3
34,22,3 6 2 5 8
34,23,8 6 0 9 7
34,24,7 5 3 9 0
34,25,0 1 3 9 2
34,26,7 1 9 6 0
34,27,5 3 0 9 6
34,28,9 3 1 5 2
34,29,6 8 2 5 0
34,30,7 9 8 4 2
34,31,0 8 5 2 4
34,32,7 8 2 1 6
34,33,6 9 5 1 8
34,34,8 0 4 9 2
34,35,8 5 7 0 6
34,36,4 1 5 7 2
34,37,1 7 6 8 4
34,38,9 1 7 3 6
34,39,1 3 5 4 2
34,40,0 2 7 1 5
34,41,6 2 0 1 7
34,42,7 5 8 0 9
34,43,2 9 8 7 6
34,44,4 8 1 0 6
34,45,0 3 6 5 9
34,46,1 9 4 8 5
34,47,8 3 0 4 2
34,48,5 9 2 6 8
34,49,3 9 5 1 4
34,50,3 2 4 5 1
35,1,0 7 6 8 4
35,2,5 3 7 6 4
35,3,7 8 2 5 1
35,4,2 0 7 3 9
35,5,8 1 2 3 5
35,6,6 0 8 1 2
35,7,9 1 3 7 5
35,8,1 6 7 5 3
35,9,0 7 2 5 9
35,10,5 2 3 7 8
35,11,8 9 6 2 5
35,12,5 4 9 3 2
35,13,9 8 1 0 7
35,14,0 2 6 9 4
35,15,5 6 7 1 8
35,16,9 4 5 8 0
35,17,9 3 0 8 4
35,18,8 6 5 3 4
35,19,1 9 3 8 4
35,20,5 0 1 6 4
35,21,3 5 8 7 9
35,22,8 9 1 3 0
35,23,2 9 7 3 8
35,24,5 0 3 9 7
35,25,7 5 9 3 2
35,26,6 0 9 2 4
35,27,2 6 7 1 8
35,28,5 3 4 1 8
35,29,7 4 9 1 5
35,30,7 6 9 0 5
35,31,3 1 4 8 0
35,32,2 6 8 9 0
35,33,9 4 8 3 6
35,34,6 2 5 7 9
35,35,7 9 2 8 0
35,36,3 8 5 9 4
35,37,5 7 0 6 4
35,38,4 9 2 3 1
35,39,6 1 2 8 3
35,40,1 9 8 4 7
35,41,2 4 5 6 3
35,42,8 9 1 2 3
35,43,6 3 1 9 5
35,44,5 8 7 3 4
35,45,4 8 9 7 2
35,46,4 8 9 7 5
35,47,0 5 2 4 3
35,48,5 1 3 4 9
35,49,6 5 3 1 8
35,50,5 2 0 8 3
36,1,9 8 2 0 6
36,2,8 2 0 1 3
36,3,5 3 6 0 2
36,4,8 4 0 3 7
36,5,1 5 7 2 4
36,6,8 6 3 4 5
36,7,5 9 3 7 6
36,8,6 7 5 0 9
36,9,9 3 4 0 6
36,10,5 9 8 6 1
36,11,8 3 4 9 1
36,12,6 3 7 1 4
36,13,0 3 8 1 9
36,14,2 4 7 0 8
36,15,2 9 8 6 3
36,16,7 8 9 1 4
36,17,9 1 8 3 5
36,18,4 6 8 2 1
36,19,8 6 7 5 1
36,20,9 2 6 5 3
36,21,6 2 8 4 7
36,22,3 5 1 7 4
36,23,1 2 3 5 9
36,24,1 3 9 8 6
36,25,7 2 4 3 5
36,26,4 2 7 8 9
36,27,2 5 0 6 9
36,28,8 7 9 3 5
36,29,5 3 9 4 6
36,30,9 4 1 0 6
36,31,0 7 2 9 1
36,32,8 6 0 9 2
36,33,2 9 3 7 5
36,34,0 5 8 3 4
36,35,7 8 2 9 0
36,36,8 7 3 9 5
36,37,6 1 4 2 9
36,38,1 6 5 9 3
36,39,3 2 0 9 8
36,40,7 5 9 2 0
36,41,3 4 2 5 7
36,42,3 6 8 1 2
36,43,2 9 8 5 1
36,44,5 6 4 2 9
36,45,8 4 6 5 0
36,46,6 2 7 1 4
36,47,8 0 2 4 7
36,48,4 6 8 3 5
36,49,4 8 2 0 3
36,50,8 5 6 2 9
37,1,2 0 7 1 5
37,2,1 8 5 2 3
37,3,9 4 1 3 8
37,4,1 9 3 5 0
37,5,7 6 8 9 1
37,6,6 7 9 4 2
37,7,9 0 1 7 5
37,8,2 9 5 0 8
37,9,9 2 1 3 5
37,10,5 8 6 2 9
37,11,3 1 6 8 9
37,12,5 0 4 6 9
37,13,1 7 8 5 3
37,14,6 9 8 1 3
37,15,9 1 5 8 0
37,16,6 3 5 2 0
37,17,5 1 4 9 3
37,18,9 6 5 4 1
37,19,8 7 3 0 1
37,20,2 3 1 8 6
37,21,0 3 5 1 2
37,22,4 3 6 8 9
37,23,6 9 0 8 2
37,24,5 8 1 6 3
37,25,3 8 0 6 2
37,26,9 2 6 4 8
37,27,1 8 4 9 2
37,28,4 6 8 3 0
37,29,2 7 0 3 9
37,30,4 1 9 8 7
37,31,3 8 2 5 9
37,32,2 1 6 9 5
37,33,2 7 6 4 9
37,34,9 2 6 7 5
37,35,2 7 3 9 0
37,36,6 9 5 8 2
37,37,9 1 7 5 2
37,38,9 0 8 3 6
37,39,1 3 5 7 9
37,40,6 4 7 9 8
37,41,1 6 0 5 9
37,42,5 4 8 2 0
37,43,9 7 8 2 6
37,44,9 6 4 7 8
37,45,4 2 0 3 7
37,46,6 0 8 9 1
37,47,2 7 3 6 9
37,48,0 5 8 2 1
37,49,5 0 2 3 9
37,50,5 3 2 4 1
38,1,8 4 9 3 6
38,2,5 9 7 6 4
38,3,9 8 5 3 0
38,4,8 1 7 3 9
38,5,7 1 8 3 9
38,6,8 3 1 5 6
38,7,0 5 9 6 4
38,8,2 8 6 3 4
38,9,8 4 7 5 0
38,10,3 1 5 8 7
38,11,9 7 8 6 3
38,12,7 8 5 2 0
38,13,0 6 8 3 4
38,14,4 3 8 2 9
38,15,7 6 8 3 2
38,16,5 0 2 1 3
38,17,7 8 3 4 9
38,18,6 9 7 0 5
38,19,7 2 1 6 9
38,20,6 1 2 4 3
38,21,9 2 8 3 5
38,22,5 8 9 4 6
38,23,7 4 2 1 0
38,24,8 2 0 4 7
38,25,7 4 8 1 9
38,26,5 9 7 4 2
38,27,5 1 6 8 2
38,28,5 8 2 9 3
38,29,2 5 4 8 3
38,30,5 9 3 7 8
38,31,0 3 9 4 8
38,32,6 8 3 4 9
38,33,1 0 9 7 2
38,34,7 9 6 3 1
38,35,0 7 8 9 2
38,36,7 3 4 2 9
38,37,7 5 0 6 3
38,38,2 5 1 7 0
38,39,0 4 1 5 2
38,40,1 7 2 9 0
38,41,4 3 9 5 8
38,42,0 6 3 9 2
38,43,9 8 4 1 3
38,44,1 7 0 8 9
38,45,8 4 6 3 2
38,46,4 9 3 2 8
38,47,8 1 4 2 9
38,48,0 8 1 3 6
38,49,6 9 3 8 1
38,50,7 8 9 4 2
39,1,5 9 8 3 2
39,2,5 8 2 9 1
39,3,3 8 7 6 4
39,4,4 0 8 5 9
39,5,6 2 8 0 3
39,6,3 5 8 1 7
39,7,9 4 6 8 5
39,8,1 6 5 2 4
39,9,3 9 5 4 1
39,10,8 9 7 2 5
39,11,7 3 8 1 5
39,12,6 0 2 9 5
39,13,6 7 9 5 8
39,14,5 9 2 3 4
39,15,4 2 0 6 8
39,16,9 1 4 8 3
39,17,3 2 7 1 6
39,18,1 7 0 8 2
39,19,9 7 0 4 2
39,20,3 6 7 2 8
39,21,6 3 4 2 5
39,22,8 3 9 5 4
39,23,3 4 5 0 8
39,24,3 9 2 4 6
39,25,5 2 9 8 3
39,26,3 0 6 8 4
39,27,8 6 7 4 1
39,28,2 7 8 0 1
39,29,5 6 8 7 1
39,30,1 8 4 5 9
39,31,1 7 8 4 6
39,32,8 4 1 9 5
39,33,6 9 1 7 8
39,34,9 2 6 8 4
39,35,2 5 8 0 1
39,36,2 5 1 8 3
39,37,8 9 7 1 6
39,38,6 7 2 3 9
39,39,9 7 5 0 8
39,40,1 3 8 9 5
39,41,9 8 4 6 2
39,42,4 3 0 2 8
39,43,0 4 9 2 7
39,44,9 0 3 5 1
39,45,6 0 8 1 3
39,46,7 9 8 4 3
39,47,2 6 3 4 5
39,48,8 4 7 9 2
39,49,4 0 1 8 3
39,50,9 2 1 6 3
40,1,8 9 6 3 4
40,2,6 3 8 4 9
40,3,7 3 0 1 8
40,4,9 3 6 2 0
40,5,5 9 2 3 6
40,6,0 3 7 6 8
40,7,5 8 2 9 3
40,8,2 5 3 8 1
40,9,4 9 8 6 1
40,10,7 8 1 4 2
40,11,3 5 1 2 9
40,12,6 4 2 8 1
40,13,3 2 1 7 5
40,14,7 2 4 5 6
40,15,8 3 9 2 0
40,16,1 8 2 5 0
40,17,8 5 9 2 4
40,18,9 6 1 7 5
40,19,1 6 4 0 2
40,20,2 5 9 1 0
40,21,3 7 8 1 5
40,22,7 9 8 6 4
40,23,6 4 0 9 8
40,24,5 3 1 9 2
40,25,2 9 1 3 4
40,26,8 1 9 7 0
40,27,5 1 6 8 2
40,28,3 8 7 5 9
40,29,2 3 9 0 8
40,30,8 5 9 1 3
40,31,0 2 1 6 8
40,32,9 1 3 6 7
40,33,5 3 8 9 1
40,34,3 9 5 8 0
40,35,0 9 8 1 5
40,36,4 6 3 9 8
40,37,6 4 9 8 3
40,38,1 0 4 7 2
40,39,3 0 7 6 4
40,40,5 9 3 8 1
40,41,6 7 4 9 1
40,42,8 9 4 5 0
40,43,6 8 1 9 2
40,44,3 2 1 9 8
40,45,2 9 0 5 7
40,46,6 2 9 1 4
40,47,5 4 2 1 9
40,48,5 6 8 3 9
40,49,7 8 1 0 9
40,50,8 6 9 5 7
41,1,9 3 8 5 2
41,2,8 3 1 2 5
41,3,5 9 6 2 3
41,4,0 3 6 5 1
41,5,9 2 3 6 8
41,6,0 1 3 2 9
41,7,0 9 7 3 2
41,8,9 5 2 8 4
41,9,3 9 1 8 5
41,10,6 1 8 2 4
41,11,5 1 4 9 8
41,12,6 5 9 8 3
41,13,8 2 6 7 5
41,14,5 3 8 7 1
41,15,3 8 2 4 9
41,16,8 5 7 9 3
41,17,9 8 1 5 6
41,18,9 6 4 8 3
41,19,9 5 3 2 4
41,20,4 9 2 0 5
41,21,0 8 6 1 2
41,22,2 1 6 3 5
41,23,9 8 5 2 6
41,24,4 2 8 9 7
41,25,4 1 3 8 7
41,26,3 5 1 8 9
41,27,9 3 5 8 6
41,28,9 4 3 7 5
41,29,2 3 1 8 7
41,30,9 6 2 8 7
41,31,6 0 1 3 5
41,32,6 1 7 5 4
41,33,1 0 3 4 2
41,34,3 2 5 6 4
41,35,2 9 8 3 6
41,36,7 5 0 1 9
41,37,9 1 4 3 5
41,38,7 1 5 3 6
41,39,5 2 6 3 9
41,40,9 7 3 8 2
41,41,9 8 5 0 1
41,42,6 5 3 9 2
41,43,9 6 5 7 1
41,44,1 5 9 3 2
41,45,1 3 9 8 5
41,46,8 1 5 2 9
41,47,0 3 1 9 8
41,48,9 1 0 3 8
41,49,5 7 4 8 2
41,50,8 6 9 4 5
42,1,8 1 4 5 0
42,2,6 7 3 1 9
42,3,8 6 4 3 7
42,4,3 9 8 4 2
42,5,0 5 3 1 8
42,6,6 9 4 2 5
42,7,6 4 9 3 1
42,8,1 6 9 3 5
42,9,8 6 7 3 2
42,10,0 5 9 2 4
42,11,5 2 6 8 9
42,12,8 6 1 2 9
42,13,5 1 3 9 2
42,14,7 8 6 3 2
42,15,8 1 5 2 3
42,16,2 7 5 3 8
42,17,5 3 2 9 8
42,18,0 4 6 8 2
42,19,2 0 8 3 4
42,20,9 1 7 5 8
42,21,9 2 3 5 6
42,22,6 8 9 2 5
42,23,8 7 3 5 9
42,24,4 2 8 3 5
42,25,1 8 9 2 0
42,26,7 1 9 5 2
42,27,8 9 2 5 4
42,28,2 5 6 8 7
42,29,2 6 0 8 9
42,30,8 7 2 5 3
42,31,9 1 0 2 5
42,32,9 3 8 7 0
42,33,8 6 3 5 2
42,34,4 8 3 9 2
42,35,1 2 6 4 8
42,36,5 7 2 3 4
42,37,2 7 1 3 8
42,38,3 2 4 8 1
42,39,7 3 5 1 9
42,40,8 2 6 5 0
42,41,2 8 9 7 3
42,42,5 2 4 9 8
42,43,1 8 4 6 7
42,44,0 6 2 7 1
42,45,7 6 3 4 2
42,46,5 1 3 2 9
42,47,1 6 7 9 4
42,48,1 5 6 7 3
42,49,9 8 1 6 7
42,50,8 9 7 4 0
43,1,1 9 8 6 2
43,2,4 3 5 6 0
43,3,9 2 3 8 1
43,4,7 9 6 8 2
43,5,6 0 1 7 5
43,6,5 3 4 9 6
43,7,9 6 0 2 5
43,8,7 1 3 2 9
43,9,2 1 8 9 6
43,10,4 9 2 6 3
43,11,1 5 7 8 0
43,12,2 5 4 8 7
43,13,2 4 3 9 8
43,14,9 3 4 7 2
43,15,5 8 3 2 0
43,16,6 3 7 8 5
43,17,3 2 7 8 5
43,18,4 3 6 8 1
43,19,5 3 2 4 8
43,20,5 7 2 6 9
43,21,6 8 5 1 4
43,22,8 6 9 2 5
43,23,3 9 4 2 8
43,24,7 6 1 2 3
43,25,2 7 8 6 1
43,26,7 5 8 9 4
43,27,6 4 2 5 3
43,28,9 8 7 2 6
43,29,6 9 5 2 0
43,30,4 2 3 0 8
43,31,9 1 7 8 4
43,32,6 8 2 4 3
43,33,9 3 2 8 6
43,34,4 2 6 5 7
43,35,2 9 8 5 4
43,36,5 9 2 8 7
43,37,9 0 4 5 3
43,38,9 4 6 2 8
43,39,7 5 6 8 1
43,40,1 8 2 6 3
43,41,2 3 6 1 0
43,42,9 4 8 2 5
43,43,8 6 9 2 0
43,44,6 3 4 1 2
43,45,9 2 4 3 7
43,46,9 5 2 3 6
43,47,3 9 5 1 6
43,48,4 2 5 9 3
43,49,8 2 5 3 6
43,50,9 8 4 5 2
44,1,7 9 6 3 2
44,2,5 1 6 7 9
44,3,6 1 8 5 2
44,4,1 5 9 8 3
44,5,4 2 1 9 5
44,6,0 9 5 2 1
44,7,9 8 7 6 5
44,8,1 9 6 8 3
44,9,9 4 6 5 1
44,10,5 4 2 9 6
44,11,2 5 3 8 6
44,12,7 6 1 8 2
44,13,3 8 2 0 7
44,14,5 2 1 9 3
44,15,7 5 3 6 8
44,16,9 8 0 1 3
44,17,1 2 8 7 5
44,18,2 8 5 3 9
44,19,2 0 1 7 9
44,20,2 8 5 9 1
44,21,9 5 0 3 1
44,22,8 1 5 4 9
44,23,7 4 0 9 1
44,24,9 8 0 7 4
44,25,9 1 6 8 2
44,26,5 4 7 9 8
44,27,9 0 2 7 6
44,28,4 3 2 5 1
44,29,0 6 7 5 9
44,30,8 7 5 9 3
44,31,2 6 9 3 5
44,32,0 6 9 1 3
44,33,8 9 3 5 2
44,34,8 6 9 7 3
44,35,2 8 5 9 6
44,36,8 9 5 3 2
44,37,0 9 3 7 2
44,38,7 2 4 9 1
44,39,2 1 3 5 9
44,40,2 3 7 8 6
44,41,1 9 2 5 4
44,42,2 9 3 6 5
44,43,7 2 1 0 6
44,44,8 7 1 2 6
44,45,4 8 0 7 9
44,46,9 1 2 3 4
44,47,0 2 6 9 8
44,48,1 3 2 5 0
44,49,6 5 9 1 2
44,50,1 3 6 2 4
45,1,2 7 8 5 4
45,2,1 3 0 8 5
45,3,2 5 1 9 8
45,4,5 9 1 4 8
45,5,9 1 3 6 5
45,6,8 9 5 0 6
45,7,6 9 8 7 2
45,8,9 3 0 5 2
45,9,5 7 9 8 4
45,10,8 9 5 2 6
45,11,8 5 3 1 0
45,12,7 2 3 9 8
45,13,1 2 7 8 4
45,14,3 5 2 8 6
45,15,1 2 3 0 5
45,16,9 6 7 8 3
45,17,2 9 0 3 8
45,18,3 6 8 7 2
45,19,1 5 6 8 9
45,20,4 2 3 6 9
45,21,1 6 2 5 0
45,22,2 9 8 1 3
45,23,6 8 7 5 2
45,24,9 3 2 5 6
45,25,5 7 1 6 2
45,26,3 4 9 7 6
45,27,7 1 3 5 9
45,28,5 2 8 9 3
45,29,4 3 9 8 0
45,30,5 6 7 3 1
45,31,5 3 0 9 6
45,32,3 9 8 0 2
45,33,3 4 9 1 6
45,34,5 2 8 9 0
45,35,7 9 5 4 6
45,36,4 8 1 2 5
45,37,1 2 4 5 6
45,38,2 6 1 9 5
45,39,0 7 1 4 9
45,40,9 1 3 7 5
45,41,1 9 2 8 0
45,42,7 5 1 8 9
45,43,3 2 7 8 9
45,44,3 2 9 8 1
45,45,5 8 3 9 4
45,46,8 5 9 4 6
45,47,4 9 6 8 2
45,48,6 9 8 3 2
45,49,0 3 1 8 9
45,50,7 2 8 9 4
46,1,6 5 2 8 1
46,2,3 6 2 5 0
46,3,5 0 7 1 9
46,4,8 6 5 1 9
46,5,3 2 9 7 5
46,6,4 1 8 9 5
46,7,2 4 7 8 0
46,8,3 9 6 1 8
46,9,5 6 8 0 9
46,10,5 2 6 3 9
46,11,3 6 9 8 2
46,12,4 6 9 3 1
46,13,8 4 2 3 5
46,14,1 9 2 7 5
46,15,5 1 3 9 6
46,16,7 8 4 1 2
46,17,1 6 3 5 4
46,18,2 1 5 0 9
46,19,8 5 3 6 9
46,20,5 2 9 7 1
46,21,0 2 8 3 9
46,22,2 8 9 0 5
46,23,9 5 1 2 6
46,24,0 6 3 2 5
46,25,2 9 6 5 7
46,26,8 3 1 5 2
46,27,0 3 8 5 9
46,28,2 0 9 8 5
46,29,1 7 2 8 9
46,30,8 5 4 6 7
46,31,5 4 7 6 8
46,32,2 6 5 9 0
46,33,5 4 2 1 8
46,34,2 9 5 6 7
46,35,1 9 5 0 2
46,36,4 2 6 9 5
46,37,8 1 9 5 3
46,38,5 9 8 0 3
46,39,8 2 9 7 1
46,40,9 3 2 8 6
46,41,9 2 6 5 1
46,42,5 3 2 8 1
46,43,3 2 8 1 6
46,44,2 9 5 8 7
46,45,4 8 2 9 3
46,46,6 9 1 2 8
46,47,2 9 1 3 7
46,48,2 3 8 9 7
46,49,2 3 1 8 6
46,50,5 0 8 2 1
47,1,1 9 5 8 6
47,2,7 8 2 9 6
47,3,8 9 6 7 5
47,4,8 2 3 0 4
47,5,1 3 7 6 8
47,6,5 8 7 6 9
47,7,8 1 0 9 5
47,8,4 2 8 3 0
47,9,7 6 3 8 2
47,10,3 4 9 6 2
47,11,4 0 5 1 2
47,12,4 8 9 6 7
47,13,8 2 5 1 3
47,14,8 2 5 1 6
47,15,3 2 6 9 1
47,16,2 5 1 3 9
47,17,7 9 5 3 8
47,18,3 9 5 7 8
47,19,7 4 5 3 1
47,20,5 9 1 2 7
47,21,7 8 0 2 9
47,22,6 3 7 8 9
47,23,3 6 8 9 2
47,24,9 4 6 5 8
47,25,2 0 9 6 8
47,26,5 1 8 9 3
47,27,0 2 1 9 6
47,28,6 5 4 1 9
47,29,9 8 5 7 2
47,30,3 2 9 1 4
47,31,5 7 6 8 9
47,32,9 5 8 1 4
47,33,6 0 3 4 9
47,34,4 8 2 6 9
47,35,3 8 2 6 9
47,36,2 8 1 3 0
47,37,0 4 9 1 3
47,38,6 1 4 9 2
47,39,4 9 0 5 8
47,40,5 9 7 8 1
47,41,8 4 6 5 9
47,42,2 3 7 8 9
47,43,9 2 8 0 3
47,44,7 2 0 6 4
47,45,5 9 1 8 2
47,46,8 3 1 5 6
47,47,5 6 0 1 2
47,48,0 7 1 9 2
47,49,2 6 4 9 7
47,50,7 5 9 8 3
48,1,6 3 5 9 8
48,2,6 4 2 1 9
48,3,6 1 2 7 3
48,4,2 6 5 9 8
48,5,9 3 6 0 4
48,6,5 6 9 7 8
48,7,3 8 7 2 9
48,8,1 3 8 9 6
48,9,6 5 3 1 2
48,10,3 9 4 0 7
48,11,0 1 7 8 3
48,12,3 2 1 8 5
48,13,6 8 3 4 7
48,14,1 7 2 3 5
48,15,8 9 2 5 7
48,16,6 0 1 8 9
48,17,1 3 8 9 5
48,18,2 0 8 4 7
48,19,3 6 1 9 8
48,20,1 9 6 3 4
48,21,5 3 9 2 7
48,22,1 8 9 2 5
48,23,6 8 5 4 9
48,24,8 7 5 9 0
48,25,9 4 1 3 2
48,26,2 5 8 3 1
48,27,0 3 5 6 9
48,28,1 9 0 2 8
48,29,9 8 3 1 5
48,30,8 5 0 1 9
48,31,3 5 1 8 9
48,32,8 3 9 1 5
48,33,9 5 8 2 1
48,34,6 5 2 3 9
48,35,5 9 2 8 6
48,36,7 5 9 1 8
48,37,1 2 8 9 0
48,38,5 2 0 8 6
48,39,3 1 2 7 5
48,40,5 7 2 4 8
48,41,8 3 1 2 9
48,42,7 6 0 9 3
48,43,4 3 1 5 2
48,44,5 6 3 9 4
48,45,2 1 3 0 9
48,46,2 6 3 5 4
48,47,8 5 1 3 9
48,48,8 7 9 1 3
48,49,9 6 8 4 5
48,50,7 0 3 8 9
49,1,3 2 8 6 9
49,2,3 7 0 4 8
49,3,7 1 6 8 5
49,4,0 8 1 9 4
49,5,8 5 1 6 0
49,6,5 4 2 8 6
49,7,9 7 6 2 8
49,8,8 1 4 6 7
49,9,9 6 7 1 8
49,10,3 4 9 8 0
49,11,9 7 3 5 2
49,12,5 9 6 8 4
49,13,5 3 4 9 2
49,14,8 3 2 6 9
49,15,6 2 1 3 9
49,16,1 9 8 5 4
49,17,3 6 9 1 2
49,18,1 5 0 9 3
49,19,1 3 2 8 9
49,20,8 4 3 5 7
49,21,6 9 5 8 1
49,22,9 1 7 8 4
49,23,5 6 9 2 8
49,24,4 3 5 2 9
49,25,8 9 1 5 6
49,26,5 2 6 9 8
49,27,5 8 6 2 3
49,28,7 9 6 2 3
49,29,9 6 3 7 5
49,30,2 8 1 5 4
49,31,7 8 9 5 2
49,32,3 6 1 5 9
49,33,2 6 9 5 1
49,34,6 1 8 9 2
49,35,5 7 6 9 8
49,36,3 1 5 2 9
49,37,9 8 3 7 4
49,38,3 8 7 9 4
49,39,8 3 4 9 5
49,40,5 3 4 2 9
49,41,8 2 9 3 7
49,42,2 5 3 8 6
49,43,5 7 6 8 9
49,44,6 1 8 3 9
49,45,8 4 6 5 7
49,46,7 2 3 8 9
49,47,5 9 6 2 8
49,48,2 9 5 1 8
49,49,1 6 8 0 9
49,50,9 4 2 3 8
50,1,2 8 3 7 1
50,2,7 2 9 0 4
50,3,5 9 3 2 6
50,4,8 6 1 5 3
50,5,6 2 4 9 1
50,6,6 4 9 3 5
50,7,2 6 9 0 5
50,8,9 1 4 6 8
50,9,1 2 9 5 6
50,10,2 6 5 9 3
50,11,0 8 5 6 9
50,12,9 8 5 4 0
50,13,6 1 9 5 2
50,14,0 8 3 9 5
50,15,3 5 6 9 7
50,16,1 4 7 5 9
50,17,7 9 5 3 2
50,18,9 8 1 2 5
50,19,3 7 9 8 4
50,20,2 0 5 6 4
50,21,2 3 6 0 5
50,22,5 7 8 3 9
50,23,8 6 5 2 3
50,24,2 8 9 6 4
50,25,8 9 5 6 1
50,26,5 6 7 9 8
50,27,2 0 8 6 3
50,28,5 6 2 9 7
50,29,1 9 0 8 6
50,30,8 5 6 2 9
50,31,3 9 5 1 7
50,32,6 2 0 8 1
50,33,2 5 8 1 9
50,34,1 5 7 3 8
50,35,4 6 5 8 2
50,36,9 5 2 3 8
50,37,2 9 3 6 5
50,38,4 1 6 9 8
50,39,1 2 5 4 9
50,40,5 3 2 9 6
50,41,9 8 3 5 6
50,42,3 9 8 5 1
50,43,5 8 6 9 3
50,44,1 5 6 8 2
50,45,4 9 2 8 3
50,46,9 5 4 7 8
50,47,8 9 2 6 5
50,48,7 3 1 2 8
50,49,2 4 8 1 6
50,50,6 1 5 2 9
